Player Name,Predicted Points for GW 25,Value,Position,Team
Aaron Ramsdale,0.0,45.0,GK,Arsenal
Adam Davies,0.0,40.0,GK,Sheffield Utd
Adrián San Miguel del Castillo,0.0,39.0,GK,Liverpool
Alfie Whiteman,0.0,39.0,GK,Spurs
Alisson Ramses Becker,1.37,58.0,GK,Liverpool
Alphonse Areola,2.13,42.0,GK,West Ham
Altay Bayindir,0.0,40.0,GK,Man Utd
André Onana,2.68,48.0,GK,Man Utd
Andy Lonergan,0.0,39.0,GK,Everton
Arijanet Muric,0.0,43.0,GK,Burnley
Bailey Peacock-Farrell,0.0,40.0,GK,Burnley
Bart Verbruggen,2.83,44.0,GK,Brighton
Bernd Leno,1.61,48.0,GK,Fulham
Brandon Austin,0.0,39.0,GK,Spurs
Caoimhin Kelleher,1.89,37.0,GK,Liverpool
Daniel Bentley,0.03,39.0,GK,Wolves
Darren Randolph,0.0,40.0,GK,Bournemouth
David Raya Martin,4.8,50.0,GK,Arsenal
Dean Henderson,0.16,44.0,GK,Crystal Palace
Denis Franchi,0.0,39.0,GK,Burnley
Djordje Petrovic,2.26,,,
Eddie Beach,0.0,40.0,GK,Chelsea
Ederson Santana de Moraes,3.59,55.0,GK,Man City
Ellery Balcombe,0.0,39.0,GK,Brentford
Emiliano Martínez Romero,2.86,52.0,GK,Aston Villa
Ethan Horvath,0.0,43.0,GK,Nott'm Forest
Fabian Mrozek,0.0,40.0,GK,Liverpool
Filip Marschall,0.0,40.0,GK,Aston Villa
Fraser Forster,0.0,38.0,GK,Spurs
Gabriel Słonina,0.0,40.0,GK,Chelsea
George Shelvey,0.0,39.0,GK,Nott'm Forest
Guglielmo Vicario,2.46,53.0,GK,Spurs
Hugo Lloris,0.0,47.0,GK,Spurs
Hákon Valdimarsson,0.0,40.0,GK,Brentford
Ionuț Radu,0.0,44.0,GK,Bournemouth
Ivo Grbic,0.0,45.0,GK,Sheffield Utd
Jack Walton,0.0,40.0,GK,Luton
James Shea,0.0,43.0,GK,Luton
James Trafford,1.04,45.0,GK,Burnley
James Wright,0.0,40.0,GK,Aston Villa
Jason Steele,0.78,42.0,GK,Brighton
Joe Gauci,0.0,40.0,GK,Aston Villa
Joe Whitworth,0.0,39.0,GK,Crystal Palace
Jordan Amissah,0.0,39.0,GK,Sheffield Utd
Jordan Pickford,2.8,45.0,GK,Everton
Joseph Anang,0.0,40.0,GK,West Ham
José Malheiro de Sá,2.49,50.0,GK,Wolves
João Neves Virgínia,0.0,39.0,GK,Everton
Karl Darlow,0.0,40.0,GK,Newcastle
Karl Hein,0.0,40.0,GK,Arsenal
Kepa Arrizabalaga,0.0,50.0,GK,Chelsea
Kjell Scherpen,0.0,40.0,GK,Brighton
Lawrence Vigouroux,0.0,39.0,GK,Burnley
Loris Karius,0.0,39.0,GK,Newcastle
Lucas Bergström,0.0,39.0,GK,Chelsea
Lukasz Fabianski,0.05,42.0,GK,West Ham
Marcelo de Araújo Pitaluga Filho,0.0,40.0,GK,Liverpool
Marcus Bettinelli,0.0,40.0,GK,Chelsea
Marek Rodák,0.0,39.0,GK,Fulham
Mark Flekken,1.94,45.0,GK,Brentford
Mark Gillespie,0.0,39.0,GK,Newcastle
Mark Travers,0.0,40.0,GK,Bournemouth
Martin Dubravka,1.17,42.0,GK,Newcastle
Matija Šarkić,0.0,40.0,GK,Wolves
Matt Macey,0.0,40.0,GK,Luton
Matt Turner,0.91,39.0,GK,Nott'm Forest
Matthew Cox,0.0,40.0,GK,Brentford
Matz Sels,3.43,45.0,GK,Nott'm Forest
Nick Pope,0.17,53.0,GK,Newcastle
Norberto Murara Neto,1.99,46.0,GK,Bournemouth
Odysseas Vlachodimos,0.09,45.0,GK,Nott'm Forest
Oliwier Zych,0.0,40.0,GK,Aston Villa
Radek Vítek,0.0,40.0,GK,Man Utd
Remi Matthews,0.0,39.0,GK,Crystal Palace
Robert Sánchez,0.75,45.0,GK,Chelsea
Robin Olsen,0.0,39.0,GK,Aston Villa
Rúnar Alex Rúnarsson,0.0,40.0,GK,Arsenal
Sam Johnstone,1.79,45.0,GK,Crystal Palace
Sam Proctor,0.0,40.0,GK,Aston Villa
Scott Carson,0.0,38.0,GK,Man City
Stefan Ortega Moreno,0.0,37.0,GK,Man City
Steven Benda,0.0,40.0,GK,Fulham
Thomas Kaminski,3.15,45.0,GK,Luton
Thomas Strakosha,0.0,39.0,GK,Brentford
Tim Krul,0.0,44.0,GK,Luton
Tom Heaton,0.0,40.0,GK,Man Utd
Tom King,0.0,39.0,GK,Wolves
Tom McGill,0.0,39.0,GK,Brighton
Vicente Guaita,0.0,44.0,GK,Crystal Palace
Viljami Sinisalo,0.0,40.0,GK,Aston Villa
Vincent Angelini,0.0,40.0,GK,Brentford
Wayne Hennessey,0.0,40.0,GK,Nott'm Forest
Wes Foderingham,1.76,45.0,GK,Sheffield Utd
Zack Steffen,0.0,39.0,GK,Man City
Đorđe Petrović,2.73,45.0,GK,Chelsea
Aaron Cresswell,0.69,42.0,DEF,West Ham
Aaron Hickey,0.31,44.0,DEF,Brentford
Aaron Wan-Bissaka,0.1,44.0,DEF,Man Utd
Abdul Rahman Baba,0.013081174625063528,40.0,DEF,Chelsea
Adam Smith,1.04,44.0,DEF,Bournemouth
Adam Webster,0.1,42.0,DEF,Brighton
Aidan Francis-Clarke,0.013081174625063528,40.0,DEF,Luton
Alex Murphy,0.0,39.0,DEF,Newcastle
Alex Telles,0.013081174625063528,45.0,DEF,Man Utd
Alexandre Moreno Lopera,1.19,51.0,DEF,Aston Villa
Alfie Dorrington,0.013081174625063528,40.0,DEF,Spurs
Alfie Doughty,1.42,46.0,DEF,Luton
Alfie Gilchrist,0.14,40.0,DEF,Chelsea
Amari'i Bell,2.43,39.0,DEF,Luton
Ameen Al-Dakhil,0.88,38.0,DEF,Burnley
Andrew Omobamidele,1.71,45.0,DEF,Nott'm Forest
Andrew Robertson,1.12,64.0,DEF,Liverpool
Anel Ahmedhodžić,0.22,43.0,DEF,Sheffield Utd
Angelo Ogbonna,0.24,43.0,DEF,West Ham
Antonee Robinson,4.03,44.0,DEF,Fulham
Ashley Phillips,0.013081174625063528,40.0,DEF,Spurs
Ashley Young,4.43,44.0,DEF,Everton
Auston Trusty,0.86,39.0,DEF,Sheffield Utd
Axel Disasi,1.2,49.0,DEF,Chelsea
Aymeric Laporte,0.02,49.0,DEF,Man City
Bashir Humphreys,0.013081174625063528,40.0,DEF,Chelsea
Ben Chilwell,1.86,54.0,DEF,Chelsea
Ben Davies,0.23,43.0,DEF,Spurs
Ben Godfrey,1.14,43.0,DEF,Everton
Ben Greenwood,0.013081174625063528,40.0,DEF,Bournemouth
Ben Jackson,0.013081174625063528,40.0,DEF,Brighton
Ben Johnson,1.41,44.0,DEF,West Ham
Ben Mee,1.89,48.0,DEF,Brentford
Bendegúz Bolla,0.013081174625063528,40.0,DEF,Wolves
Benjamin Fredrick,0.013081174625063528,40.0,DEF,Brentford
Benjamin White,5.14,56.0,DEF,Arsenal
Benoît Badiashile,0.09,44.0,DEF,Chelsea
Bobby Thomas,0.013081174625063528,40.0,DEF,Burnley
Brandon Williams,0.013081174625063528,40.0,DEF,Man Utd
CJ Egan-Riley,0.013081174625063528,39.0,DEF,Burnley
Callum Scanlon,0.013081174625063528,39.0,DEF,Liverpool
Calum Chambers,0.013081174625063528,38.0,DEF,Aston Villa
Calvin Bassey,0.53,44.0,DEF,Fulham
Charlie Goode,0.013081174625063528,39.0,DEF,Brentford
Charlie Taylor,0.45,40.0,DEF,Burnley
Chris Basham,0.27,39.0,DEF,Sheffield Utd
Chris Mepham,0.25,43.0,DEF,Bournemouth
Chris Richards,1.8,39.0,DEF,Crystal Palace
Clément Lenglet,1.31,45.0,DEF,Aston Villa
Connor Roberts,0.3,43.0,DEF,Burnley
Conor Bradley,1.6,41.0,DEF,Liverpool
Craig Dawson,1.08,45.0,DEF,Wolves
Cristian Romero,2.04,49.0,DEF,Spurs
Cédric Alves Soares,0.13,39.0,DEF,Arsenal
César Azpilicueta,0.013081174625063528,45.0,DEF,Chelsea
Daiki Hashioka,0.013081174625063528,40.0,DEF,Luton
Dan Burn,1.11,44.0,DEF,Newcastle
Dan Potts,0.013081174625063528,39.0,DEF,Luton
Daniel Muñoz,1.11,45.0,DEF,Crystal Palace
Dara O'Shea,1.9,44.0,DEF,Burnley
Davinson Sánchez,0.0,44.0,DEF,Spurs
Destiny Udogie,1.36,49.0,DEF,Spurs
Devan Tanton,0.013081174625063528,40.0,DEF,Fulham
Diego Carlos Santos Silva,0.57,44.0,DEF,Aston Villa
Diogo Dalot Teixeira,2.5,51.0,DEF,Man Utd
Djed Spence,0.013081174625063528,40.0,DEF,Spurs
Elijah Campbell,0.013081174625063528,40.0,DEF,Everton
Emerson Leite de Souza Junior,0.62,43.0,DEF,Spurs
Emerson Palmieri dos Santos,0.82,45.0,DEF,West Ham
Emil Krafth,0.02,44.0,DEF,Newcastle
Eric Bailly,0.013081174625063528,40.0,DEF,Man Utd
Eric Dier,0.39,42.0,DEF,Spurs
Ethan Ampadu,0.013081174625063528,40.0,DEF,Chelsea
Ethan Pinnock,0.75,46.0,DEF,Brentford
Ezri Konsa Ngoyo,0.8,45.0,DEF,Aston Villa
Fabian Schär,2.75,53.0,DEF,Newcastle
Felipe Augusto de Almeida Monteiro,1.62,44.0,DEF,Nott'm Forest
Femi Seriki,0.013081174625063528,39.0,DEF,Sheffield Utd
Fodé Ballo-Touré,0.0,45.0,DEF,Fulham
Gabriel Osho,0.67,44.0,DEF,Luton
Gabriel dos Santos Magalhães,5.59,51.0,DEF,Arsenal
George Baldock,0.31,38.0,DEF,Sheffield Utd
Giulian Biancone,0.013081174625063528,39.0,DEF,Nott'm Forest
Gonzalo Montiel,1.52,44.0,DEF,Nott'm Forest
Hannes Delcroix,0.19,40.0,DEF,Burnley
Harrison Ashby,0.013081174625063528,40.0,DEF,Newcastle
Harry Maguire,0.49,42.0,DEF,Man Utd
Harry Toffolo,0.07,44.0,DEF,Nott'm Forest
Hjalmar Ekdal,0.39,39.0,DEF,Burnley
Hugo Bueno López,0.16,44.0,DEF,Wolves
Ibrahima Konaté,0.68,49.0,DEF,Liverpool
Igor Julio dos Santos de Paulo,0.53,43.0,DEF,Brighton
Illia Zabarnyi,0.6,44.0,DEF,Bournemouth
Ishé Samuels-Smith,0.013081174625063528,40.0,DEF,Chelsea
Issa Diop,0.95,44.0,DEF,Fulham
Issa Kaboré,0.08,40.0,DEF,Luton
Ivan Perišić,0.0,47.0,DEF,Spurs
Jack Robinson,0.22,43.0,DEF,Sheffield Utd
Jake O'Brien,0.013081174625063528,40.0,DEF,Crystal Palace
Jakub Kiwior,3.41,43.0,DEF,Arsenal
Jamaal Lascelles,0.25,40.0,DEF,Newcastle
Jamal Lewis,0.013081174625063528,40.0,DEF,Newcastle
James Hill,0.01,40.0,DEF,Bournemouth
James Sweet,0.013081174625063528,40.0,DEF,Arsenal
James Tarkowski,2.61,46.0,DEF,Everton
James Tomkins,0.0,40.0,DEF,Crystal Palace
Jan Paul van Hecke,3.1,40.0,DEF,Brighton
Japhet Tanganga,0.013081174625063528,40.0,DEF,Spurs
Jarell Quansah,0.56,40.0,DEF,Liverpool
Jarrad Branthwaite,2.55,42.0,DEF,Everton
Javier Manquillo Gaitán,0.013081174625063528,40.0,DEF,Newcastle
Jayden Bogle,0.25,45.0,DEF,Sheffield Utd
Ji-Soo Kim,0.013081174625063528,40.0,DEF,Brentford
Jili Buyabu,0.013081174625063528,40.0,DEF,Sheffield Utd
Joachim Andersen,1.64,47.0,DEF,Crystal Palace
Joe Gomez,0.92,46.0,DEF,Liverpool
Joe Rodon,0.013081174625063528,40.0,DEF,Spurs
Joe Worrall,0.1,43.0,DEF,Nott'm Forest
Joel Matip,0.02,48.0,DEF,Liverpool
Joel Ward,1.33,45.0,DEF,Crystal Palace
John Egan,0.05,43.0,DEF,Sheffield Utd
John Stones,2.02,53.0,DEF,Man City
Jonathan Castro Otto,0.0,43.0,DEF,Wolves
Jonathan Panzo,0.013081174625063528,40.0,DEF,Nott'm Forest
Jonny Evans,1.0,40.0,DEF,Man Utd
Jordan Beyer,0.11,40.0,DEF,Burnley
Joseph Johnson,0.013081174625063528,40.0,DEF,Luton
Josh Brooking,0.013081174625063528,40.0,DEF,Chelsea
Josh Powell,0.013081174625063528,39.0,DEF,Nott'm Forest
João Cancelo,0.013081174625063528,58.0,DEF,Man City
Joël Veltman,0.21,43.0,DEF,Brighton
Joško Gvardiol,1.32,48.0,DEF,Man City
Jurriën Timber,0.0,46.0,DEF,Arsenal
Justin Hubner,0.013081174625063528,40.0,DEF,Wolves
Kaelan Casey,0.013081174625063528,40.0,DEF,West Ham
Kaine Kesler-Hayden,0.013081174625063528,40.0,DEF,Aston Villa
Kell Watts,0.013081174625063528,40.0,DEF,Newcastle
Kenny Tete,0.42,44.0,DEF,Fulham
Kevin Mbabu,0.013081174625063528,40.0,DEF,Fulham
Ki-Jana Hoever,0.013081174625063528,40.0,DEF,Wolves
Kieran Tierney,0.013081174625063528,44.0,DEF,Arsenal
Kieran Trippier,1.4,69.0,DEF,Newcastle
Konstantinos Mavropanos,0.9,45.0,DEF,West Ham
Konstantinos Tsimikas,0.16,45.0,DEF,Liverpool
Kortney Hause,0.013081174625063528,39.0,DEF,Aston Villa
Kristoffer Ajer,1.46,44.0,DEF,Brentford
Kurt Zouma,0.85,45.0,DEF,West Ham
Kyle Walker,3.81,55.0,DEF,Man City
Leigh Kavanagh,0.013081174625063528,40.0,DEF,Brighton
Levi Colwill,2.02,47.0,DEF,Chelsea
Lewis Dunk,4.17,50.0,DEF,Brighton
Lewis Hall,0.0,43.0,DEF,Newcastle
Lisandro Martínez,0.49,47.0,DEF,Man Utd
Lloyd Kelly,1.48,45.0,DEF,Bournemouth
Lorenz Assignon,0.23,40.0,DEF,Burnley
Loïc Mbe Soh,0.013081174625063528,40.0,DEF,Nott'm Forest
Luc De Fougerolles,0.013081174625063528,39.0,DEF,Fulham
Lucas Digne,1.08,46.0,DEF,Aston Villa
Luke Chambers,0.013081174625063528,40.0,DEF,Liverpool
Luke McNally,0.013081174625063528,40.0,DEF,Burnley
Luke Shaw,0.62,52.0,DEF,Man Utd
Luke Thomas,0.09,40.0,DEF,Sheffield Utd
Mads Bech Sørensen,0.013081174625063528,40.0,DEF,Brentford
Mads Juel Andersen,0.16,39.0,DEF,Luton
Mads Roerslev Rasmussen,1.01,44.0,DEF,Brentford
Malang Sarr,0.013081174625063528,43.0,DEF,Chelsea
Malo Gusto,1.89,42.0,DEF,Chelsea
Manuel Akanji,1.71,49.0,DEF,Man City
Marc Cucurella Saseta,0.07,48.0,DEF,Chelsea
Marc Guéhi,1.29,43.0,DEF,Crystal Palace
Marcos Senesi,0.33,45.0,DEF,Bournemouth
Mason Holgate,-1.66,40.0,DEF,Sheffield Utd
Mathias Jorgensen,0.11,43.0,DEF,Brentford
Matt Doherty,0.81,43.0,DEF,Wolves
Matt Targett,0.12,42.0,DEF,Newcastle
Matty Cash,1.68,46.0,DEF,Aston Villa
Max Aarons,0.09,44.0,DEF,Bournemouth
Max Kilman,2.03,45.0,DEF,Wolves
Max Kinsey-Wellings,0.013081174625063528,40.0,DEF,Bournemouth
Max Lowe,1.17,43.0,DEF,Sheffield Utd
Maxime Esteve,0.7,40.0,DEF,Burnley
Michael Keane,0.13,43.0,DEF,Everton
Michał Karbownik,0.013081174625063528,40.0,DEF,Brighton
Micky van de Ven,1.06,44.0,DEF,Spurs
Milos Kerkez,0.34,44.0,DEF,Bournemouth
Mohamed Dräger,0.013081174625063528,40.0,DEF,Nott'm Forest
Moussa Niakhaté,0.28,45.0,DEF,Nott'm Forest
Murillo Santiago Costa dos Santos,2.17,45.0,DEF,Nott'm Forest
Nathan Aké,1.85,51.0,DEF,Man City
Nathan Collins,0.35,45.0,DEF,Brentford
Nathan Patterson,0.09,44.0,DEF,Everton
Nathaniel Clyne,0.11,44.0,DEF,Crystal Palace
Nathaniel Phillips,0.013081174625063528,40.0,DEF,Liverpool
Nayef Aguerd,1.12,44.0,DEF,West Ham
Neco Williams,1.47,43.0,DEF,Nott'm Forest
Nuno Varela Tavares,1.85,40.0,DEF,Nott'm Forest
Nélson Cabral Semedo,1.52,45.0,DEF,Wolves
Oleksandr Zinchenko,0.46,51.0,DEF,Arsenal
Oliver Scarles,0.013081174625063528,40.0,DEF,West Ham
Olu Aina,0.11,45.0,DEF,Nott'm Forest
Omar Richards,0.013081174625063528,44.0,DEF,Nott'm Forest
Owen Beck,0.0,45.0,DEF,Liverpool
Owen Dodgson,0.013081174625063528,40.0,DEF,Burnley
Pau Torres,1.36,46.0,DEF,Aston Villa
Paul Dummett,0.0,39.0,DEF,Newcastle
Pedro Porro,0.54,58.0,DEF,Spurs
Pervis Estupiñán,1.2,50.0,DEF,Brighton
Radu Dragusin,0.79,43.0,DEF,Spurs
Raphaël Varane,1.48,49.0,DEF,Man Utd
Rayan Aït-Nouri,1.76,45.0,DEF,Wolves
Reece Burke,0.76,40.0,DEF,Luton
Reece James,0.11,53.0,DEF,Chelsea
Reuell Walters,0.013081174625063528,40.0,DEF,Arsenal
Rhys Bennett,0.013081174625063528,40.0,DEF,Man Utd
Rhys Norrington-Davies,0.31,39.0,DEF,Sheffield Utd
Richie Laryea,0.013081174625063528,45.0,DEF,Nott'm Forest
Rico Henry,1.35,43.0,DEF,Brentford
Rico Lewis,1.01,43.0,DEF,Man City
Rob Holding,0.013081174625063528,43.0,DEF,Crystal Palace
Ryan Fredericks,0.013081174625063528,43.0,DEF,Bournemouth
Ryan Giles,0.01,42.0,DEF,Luton
Ryan Sessegnon,0.013081174625063528,44.0,DEF,Spurs
Rúben Gato Alves Dias,4.38,55.0,DEF,Man City
Santiago Bueno,0.4,45.0,DEF,Wolves
Scott McKenna,0.0,44.0,DEF,Nott'm Forest
Seamus Coleman,0.76,44.0,DEF,Everton
Sepp van den Berg,0.013081174625063528,40.0,DEF,Liverpool
Serge Aurier,0.14,45.0,DEF,Nott'm Forest
Sergio Gómez,0.23,38.0,DEF,Man City
Sergio Reguilón,1.23,44.0,DEF,Brentford
Steve Cook,0.013081174625063528,45.0,DEF,Nott'm Forest
Sven Botman,1.2,45.0,DEF,Newcastle
Takehiro Tomiyasu,0.58,45.0,DEF,Arsenal
Tariq Lamptey,1.25,39.0,DEF,Brighton
Tayo Adaramola,0.013081174625063528,40.0,DEF,Crystal Palace
Teden Mengi,0.93,39.0,DEF,Luton
Terence Kongolo,0.013081174625063528,40.0,DEF,Fulham
Thiago Emiliano da Silva,0.79,50.0,DEF,Chelsea
Thilo Kehrer,0.01,42.0,DEF,West Ham
Tim Ream,1.05,45.0,DEF,Fulham
Timothy Castagne,0.99,45.0,DEF,Fulham
Tino Livramento,1.49,42.0,DEF,Newcastle
Tom Lockyer,0.19,42.0,DEF,Luton
Tosin Adarabioyo,0.55,43.0,DEF,Fulham
Toti António Gomes,1.92,44.0,DEF,Wolves
Trent Alexander-Arnold,0.6,86.0,DEF,Liverpool
Trevoh Chalobah,0.19,43.0,DEF,Chelsea
Tyrell Malacia,0.013081174625063528,43.0,DEF,Man Utd
Tyrick Mitchell,1.48,45.0,DEF,Crystal Palace
Tyrone Mings,0.0,41.0,DEF,Aston Villa
Valentín Barco,0.013081174625063528,40.0,DEF,Brighton
Valintino Adedokun,0.013081174625063528,40.0,DEF,Brentford
Victor Lindelöf,0.1,45.0,DEF,Man Utd
Victor da Silva,1.19,44.0,DEF,Burnley
Virgil van Dijk,3.85,64.0,DEF,Liverpool
Vitalii Mykolenko,2.57,46.0,DEF,Everton
Vladimír Coufal,1.27,46.0,DEF,West Ham
Wesley Fofana,0.013081174625063528,44.0,DEF,Chelsea
William Saliba,5.38,56.0,DEF,Arsenal
Willy Boly,0.16,45.0,DEF,Nott'm Forest
Willy Kambwala,0.36,39.0,DEF,Man Utd
Yasser Larouci,0.36,43.0,DEF,Sheffield Utd
Yerson Mosquera,0.013081174625063528,40.0,DEF,Wolves
Álvaro Fernández Carreras,0.013081174625063528,40.0,DEF,Man Utd
Aaron Ramsey,1.02,50.0,MID,Burnley
Abdoulaye Doucouré,2.82,55.0,MID,Everton
Adam Lallana,0.12,49.0,MID,Brighton
Adam Wharton,3.15,50.0,MID,Crystal Palace
Adama Traoré,0.19,49.0,MID,Fulham
Albert Sambi Lokonga,2.14,49.0,MID,Luton
Alejandro Garnacho,3.88,49.0,MID,Man Utd
Alex Iwobi,0.96,53.0,MID,Fulham
Alex Matos,0.0,45.0,MID,Chelsea
Alex Mighten,0.008184954332248391,44.0,MID,Nott'm Forest
Alex Scott,1.33,49.0,MID,Bournemouth
Alexis Mac Allister,3.54,58.0,MID,Liverpool
Allan Campbell,0.008184954332248391,49.0,MID,Luton
Allan Saint-Maximin,0.008184954332248391,60.0,MID,Newcastle
Amad Diallo,0.02,44.0,MID,Man Utd
Amadou Diallo,0.0,45.0,MID,Newcastle
Amadou Onana,2.7,47.0,MID,Everton
Anass Zaroury,0.09,46.0,MID,Burnley
Andre Brooks,0.25,44.0,MID,Sheffield Utd
Andreas Hoelgebaum Pereira,2.59,53.0,MID,Fulham
Andrey Nascimento dos Santos,0.0,42.0,MID,Chelsea
Andros Townsend,0.47,50.0,MID,Luton
André Tavares Gomes,0.09,44.0,MID,Everton
Anis Slimane,0.34,47.0,MID,Sheffield Utd
Anssumane Fati Vieira,1.68,64.0,MID,Brighton
Anthony Elanga,4.03,51.0,MID,Nott'm Forest
Anthony Gordon,7.64,61.0,MID,Newcastle
Anthony Knockaert,0.008184954332248391,44.0,MID,Fulham
Antony Matheus dos Santos,0.34,68.0,MID,Man Utd
Arnaut Danjuma Groeneveld,0.66,52.0,MID,Everton
Ben Brereton,1.88,50.0,MID,Sheffield Utd
Ben Doak,0.0,43.0,MID,Liverpool
Ben Osborn,1.38,48.0,MID,Sheffield Utd
Ben Pearson,0.008184954332248391,45.0,MID,Bournemouth
Benicio Baker-Boaitey,0.22,45.0,MID,Brighton
Bernardo Veiga de Carvalho e Silva,3.57,64.0,MID,Man City
Bertrand Traoré,0.0,50.0,MID,Aston Villa
Billy Gilmour,3.98,49.0,MID,Brighton
Bobby Clark,0.26,44.0,MID,Liverpool
Bobby De Cordova-Reid,2.04,53.0,MID,Fulham
Boubacar Kamara,1.66,50.0,MID,Aston Villa
Boubacar Traoré,0.89,43.0,MID,Wolves
Bradley Ibrahim,0.008184954332248391,45.0,MID,Arsenal
Braian Ojeda Rodríguez,0.008184954332248391,45.0,MID,Nott'm Forest
Brandon Aguilera Zamora,0.0,45.0,MID,Nott'm Forest
Brennan Johnson,2.19,58.0,MID,Spurs
Bruno Borges Fernandes,2.39,82.0,MID,Man Utd
Bruno Cavaco Jordão,0.008184954332248391,43.0,MID,Wolves
Bruno Guimarães Rodriguez Moura,2.97,58.0,MID,Newcastle
Bryan Gil Salvatierra,0.07,49.0,MID,Spurs
Bryan Mbeumo,2.03,68.0,MID,Brentford
Bukayo Saka,9.62,90.0,MID,Arsenal
Callum Hudson-Odoi,6.6,47.0,MID,Nott'm Forest
Cameron Peupion,0.008184954332248391,45.0,MID,Brighton
Carlos Baleba,0.29,45.0,MID,Brighton
Carlos Henrique Casimiro,0.4,53.0,MID,Man Utd
Carlos Mendes Gomes,0.008184954332248391,45.0,MID,Luton
Carney Chukwuemeka,0.53,42.0,MID,Chelsea
Cesare Casadei,0.17,45.0,MID,Chelsea
Charles Sagoe,0.008184954332248391,45.0,MID,Arsenal
Cheick Doucouré,0.07,49.0,MID,Crystal Palace
Cheikhou Kouyaté,0.01,48.0,MID,Nott'm Forest
Christian Eriksen,0.74,58.0,MID,Man Utd
Christian Nørgaard,2.39,53.0,MID,Brentford
Christian Pulisic,0.008184954332248391,55.0,MID,Chelsea
Cole Palmer,3.68,58.0,MID,Chelsea
Conor Coventry,0.008184954332248391,43.0,MID,West Ham
Conor Gallagher,2.89,54.0,MID,Chelsea
Curtis Jones,0.78,49.0,MID,Liverpool
Dango Ouattara,0.61,47.0,MID,Bournemouth
Daniel Castelo Podence,0.008184954332248391,53.0,MID,Wolves
Daniel Gore,0.0,45.0,MID,Man Utd
Danilo dos Santos de Oliveira,2.25,53.0,MID,Nott'm Forest
Dara Costelloe,0.008184954332248391,45.0,MID,Burnley
Darko Churlinov,0.008184954332248391,44.0,MID,Burnley
David Brooks,0.56,47.0,MID,Bournemouth
David Ozoh,0.86,45.0,MID,Crystal Palace
Declan Rice,4.7,54.0,MID,Arsenal
Dejan Kulusevski,3.78,68.0,MID,Spurs
Dele Alli,0.008184954332248391,48.0,MID,Everton
Demarai Gray,0.008184954332248391,53.0,MID,Everton
Diego Manuel Jadon da Silva Moreira,0.008184954332248391,45.0,MID,Chelsea
Diogo Teixeira da Silva,2.02,83.0,MID,Liverpool
Dion Pereira,0.008184954332248391,44.0,MID,Luton
Dominic Sadi,0.008184954332248391,45.0,MID,Bournemouth
Dominik Szoboszlai,3.48,71.0,MID,Liverpool
Donny van de Beek,0.0,47.0,MID,Man Utd
Douglas Luiz Soares de Paulo,3.17,55.0,MID,Aston Villa
Dwight McNeil,2.28,54.0,MID,Everton
Eberechi Eze,1.27,60.0,MID,Crystal Palace
Edson Álvarez Velázquez,1.92,50.0,MID,West Ham
Elliot Anderson,0.05,42.0,MID,Newcastle
Elliot Thorpe,0.008184954332248391,45.0,MID,Luton
Emile Smith Rowe,0.59,53.0,MID,Arsenal
Emiliano Buendía Stati,0.008184954332248391,57.0,MID,Aston Villa
Emiliano Marcondes,0.008184954332248391,43.0,MID,Bournemouth
Enock Agyei,0.008184954332248391,42.0,MID,Burnley
Enso González,0.008184954332248391,50.0,MID,Wolves
Enzo Fernández,1.94,48.0,MID,Chelsea
Ethan Brierley,0.008184954332248391,45.0,MID,Brentford
Ethan Nwaneri,0.09,45.0,MID,Arsenal
Fabio Henrique Tavares,0.008184954332248391,50.0,MID,Liverpool
Facundo Buonanotte,4.1,47.0,MID,Brighton
Facundo Pellistri Rebollo,0.0,42.0,MID,Man Utd
Flynn Downes,0.008184954332248391,50.0,MID,West Ham
Francisco Jorge Tomás Oliveira,0.008184954332248391,45.0,MID,Wolves
Frank Onyeka,0.77,49.0,MID,Brentford
Fred Onyedinma,0.008184954332248391,50.0,MID,Luton
Frederico Rodrigues de Paula Santos,0.008184954332248391,50.0,MID,Man Utd
Fábio Ferreira Vieira,-0.08,54.0,MID,Arsenal
Gabriel Martinelli Silva,3.56,77.0,MID,Arsenal
Garang Kuol,0.008184954332248391,45.0,MID,Newcastle
Gavin Kilkenny,0.008184954332248391,43.0,MID,Bournemouth
Giovani Lo Celso,1.38,48.0,MID,Spurs
Giovanni Reyna,-0.2,50.0,MID,Nott'm Forest
Glen Rea,0.008184954332248391,44.0,MID,Luton
Gonçalo Manuel Ganchinho Guedes,0.008184954332248391,54.0,MID,Wolves
Granit Xhaka,0.008184954332248391,60.0,MID,Arsenal
Gustavo Hamer,2.77,50.0,MID,Sheffield Utd
Gustavo Henrique Furtado Scarpa,0.008184954332248391,45.0,MID,Nott'm Forest
Hakim Ziyech,0.008184954332248391,54.0,MID,Chelsea
Hamed Traorè,0.0,47.0,MID,Bournemouth
Han-Noah Massengo,0.64,49.0,MID,Burnley
Hannibal Mejbri,0.01,43.0,MID,Man Utd
Harrison Reed,0.25,45.0,MID,Fulham
Harry Arter,0.008184954332248391,43.0,MID,Nott'm Forest
Harry Wilson,0.66,53.0,MID,Fulham
Harvey Barnes,1.21,62.0,MID,Newcastle
Harvey Elliott,5.0,48.0,MID,Liverpool
Harvey Griffiths,0.008184954332248391,45.0,MID,Wolves
Hwang Hee-chan,3.19,55.0,MID,Wolves
Ian Maatsen,0.02,51.0,MID,Chelsea
Ibrahim Sangaré,0.1,49.0,MID,Nott'm Forest
Idrissa Gueye,1.94,48.0,MID,Everton
Isaac Hayden,0.008184954332248391,44.0,MID,Newcastle
Ismaila Coulibaly,0.008184954332248391,44.0,MID,Sheffield Utd
Ivan Neves Abreu Cavaleiro,0.008184954332248391,50.0,MID,Fulham
Jack Cork,0.1,48.0,MID,Burnley
Jack Grealish,1.2,72.0,MID,Man City
Jack Harrison,2.06,55.0,MID,Everton
Jack Hinshelwood,1.58,45.0,MID,Brighton
Jacob Bruun Larsen,1.1,48.0,MID,Burnley
Jacob Murphy,1.58,48.0,MID,Newcastle
Jacob Ramsey,1.56,59.0,MID,Aston Villa
Jacob Wright,0.008184954332248391,45.0,MID,Man City
Jadan Raymond,0.008184954332248391,45.0,MID,Crystal Palace
Jaden Philogene-Bidace,0.0,45.0,MID,Aston Villa
Jadon Sancho,0.0,67.0,MID,Man Utd
Jaidon Anthony,0.09,49.0,MID,Bournemouth
Jairo Riedewald,0.01,43.0,MID,Crystal Palace
Jakub Moder,0.25,44.0,MID,Brighton
Jamal Lowe,0.008184954332248391,49.0,MID,Bournemouth
James Garner,3.45,49.0,MID,Everton
James Maddison,3.21,80.0,MID,Spurs
James McAtee,2.59,44.0,MID,Sheffield Utd
James McConnell,0.12,44.0,MID,Liverpool
James Milner,0.2,48.0,MID,Brighton
James Ward-Prowse,3.27,60.0,MID,West Ham
Jamie McDonnell,0.008184954332248391,45.0,MID,Nott'm Forest
Jarrod Bowen,2.58,78.0,MID,West Ham
Jayden Luker,0.008184954332248391,45.0,MID,Luton
Jean-Philippe Gbamin,0.008184954332248391,44.0,MID,Everton
Jean-Ricner Bellegarde,1.48,49.0,MID,Wolves
Jeff Hendrick,0.008184954332248391,44.0,MID,Newcastle
Jefferson Lerma Solís,1.65,47.0,MID,Crystal Palace
Jeffrey Schlupp,0.64,49.0,MID,Crystal Palace
Jenson Metcalfe,0.008184954332248391,45.0,MID,Everton
Jeremy Sarmiento Morante,0.008184954332248391,45.0,MID,Brighton
Jesurun Rak-Sakyi,0.0,45.0,MID,Crystal Palace
Joe Hodge,0.008184954332248391,44.0,MID,Wolves
Joe Rothwell,0.07,48.0,MID,Bournemouth
Joe White,0.0,45.0,MID,Newcastle
Joe Willock,0.0,53.0,MID,Newcastle
Joelinton Cássio Apolinário de Lira,0.25,58.0,MID,Newcastle
John Fleck,0.5,49.0,MID,Sheffield Utd
John McGinn,2.72,55.0,MID,Aston Villa
Jonjo Shelvey,0.008184954332248391,48.0,MID,Nott'm Forest
Jordan Ayew,5.48,54.0,MID,Crystal Palace
Jordan Clark,1.14,48.0,MID,Luton
Jordan Henderson,0.008184954332248391,50.0,MID,Liverpool
Jorge Luiz Frello Filho,0.9,53.0,MID,Arsenal
Josh Bowler,0.008184954332248391,45.0,MID,Nott'm Forest
Josh Brownhill,2.28,47.0,MID,Burnley
Josh Cullen,0.53,50.0,MID,Burnley
Josh Dasilva,0.37,47.0,MID,Brentford
Joshua Duffus,0.008184954332248391,44.0,MID,Brighton
Joshua King,0.008184954332248391,45.0,MID,Fulham
João Palhinha Gonçalves,1.62,50.0,MID,Fulham
João Victor Gomes da Silva,3.09,49.0,MID,Wolves
Julio Enciso,0.08,50.0,MID,Brighton
Justin Kluivert,1.96,46.0,MID,Bournemouth
Jérémy Doku,1.93,65.0,MID,Man City
Jóhann Berg Gudmundsson,0.53,48.0,MID,Burnley
Kacper Kozłowski,0.008184954332248391,45.0,MID,Brighton
Kai Havertz,5.53,71.0,MID,Arsenal
Kaide Gordon,0.0,45.0,MID,Liverpool
Kalvin Phillips,0.02,47.0,MID,West Ham
Kaoru Mitoma,5.74,64.0,MID,Brighton
Keane Lewis-Potter,1.33,47.0,MID,Brentford
Kevin De Bruyne,4.19,108.0,MID,Man City
Kevin Schade,0.21,52.0,MID,Brentford
Kobbie Mainoo,2.21,44.0,MID,Man Utd
Kristian Sekularac,0.008184954332248391,45.0,MID,Fulham
Leander Dendoncker,0.33,49.0,MID,Aston Villa
Leandro Trossard,5.41,65.0,MID,Arsenal
Leo Castledine,0.008184954332248391,45.0,MID,Chelsea
Leon Bailey,2.23,56.0,MID,Aston Villa
Lesley Ugochukwu,-0.04,44.0,MID,Chelsea
Lewis Cook,2.39,50.0,MID,Bournemouth
Lewis Dobbin,0.52,45.0,MID,Everton
Lewis Miley,1.64,45.0,MID,Newcastle
Lewis O'Brien,0.008184954332248391,49.0,MID,Nott'm Forest
Lewis Orford,0.008184954332248391,45.0,MID,West Ham
Louie Watson,0.008184954332248391,44.0,MID,Luton
Luca Barrington,0.008184954332248391,45.0,MID,Brighton
Luca Koleosho,0.21,48.0,MID,Burnley
Lucas Tolentino Coelho de Lima,2.87,60.0,MID,West Ham
Luis Díaz,2.89,75.0,MID,Liverpool
Luis Sinisterra,0.8,55.0,MID,Bournemouth
Luke Berry,0.08,46.0,MID,Luton
Luke Cundle,0.008184954332248391,45.0,MID,Wolves
Luke Freeman,0.008184954332248391,49.0,MID,Luton
Luke Harris,0.0,45.0,MID,Fulham
Mackenzie Hunt,0.008184954332248391,45.0,MID,Everton
Mads Bidstrup,0.008184954332248391,45.0,MID,Brentford
Mahamadou Susoho,0.008184954332248391,45.0,MID,Man City
Mahmoud Dahoud,0.01,48.0,MID,Brighton
Malcolm Ebiowei,0.008184954332248391,44.0,MID,Crystal Palace
Manor Solomon,0.27,51.0,MID,Spurs
Manuel Benson Hedilazio,0.0,52.0,MID,Burnley
Marcus Oliveira Alencar,0.008184954332248391,45.0,MID,Arsenal
Marcus Rashford,2.83,84.0,MID,Man Utd
Marcus Tavernier,3.54,54.0,MID,Bournemouth
Mario Lemina,3.93,49.0,MID,Wolves
Martin Ødegaard,6.99,84.0,MID,Arsenal
Marvelous Nakamba,0.36,44.0,MID,Luton
Mason Mount,0.13,68.0,MID,Man Utd
Mateo Kovačić,0.59,47.0,MID,Man City
Matheus França de Oliveira,0.52,48.0,MID,Crystal Palace
Matheus Luiz Nunes,0.28,48.0,MID,Man City
Mathias Jensen,2.22,54.0,MID,Brentford
Matt Ritchie,2.68,43.0,MID,Newcastle
Matthew Dibley-Dias,0.008184954332248391,45.0,MID,Fulham
Matthew Whittingham,0.008184954332248391,45.0,MID,Wolves
Mauro Bandeira,0.008184954332248391,45.0,MID,Arsenal
Maxwel Cornet,1.27,52.0,MID,West Ham
Micah Hamilton,0.008184954332248391,45.0,MID,Man City
Michael Olakigbe,0.0,45.0,MID,Brentford
Michael Olise,3.97,58.0,MID,Crystal Palace
Michale Olakigbe,0.04,,,
Miguel Almirón Rejala,2.19,61.0,MID,Newcastle
Mike Trésor,0.19,53.0,MID,Burnley
Mikkel Damsgaard,0.3,48.0,MID,Brentford
Mohamed Elneny,0.61,44.0,MID,Arsenal
Mohamed Salah,3.76,130.0,MID,Liverpool
Mohammed Kudus,3.83,68.0,MID,West Ham
Moisés Caicedo Corozo,3.8,45.0,MID,Chelsea
Morgan Gibbs-White,3.02,57.0,MID,Nott'm Forest
Morgan Rogers,0.11,50.0,MID,Aston Villa
Morgan Sanson,0.008184954332248391,45.0,MID,Aston Villa
Moussa Diaby,4.47,64.0,MID,Aston Villa
Mykhailo Mudryk,1.37,63.0,MID,Chelsea
Myles Lewis-Skelly,0.008184954332248391,45.0,MID,Arsenal
Myles Peart-Harris,0.0,45.0,MID,Brentford
Máximo Perrone,0.008184954332248391,44.0,MID,Man City
Naouirou Ahamada,0.4,43.0,MID,Crystal Palace
Nathan Redmond,0.1,47.0,MID,Burnley
Nicolas Pépé,0.008184954332248391,49.0,MID,Arsenal
Nicolás Domínguez,2.38,50.0,MID,Nott'm Forest
Nicolò Zaniolo,0.42,54.0,MID,Aston Villa
Nikola Vlašić,0.008184954332248391,45.0,MID,West Ham
Noha Lemina,0.008184954332248391,50.0,MID,Wolves
Noni Madueke,1.55,53.0,MID,Chelsea
Oliver Arblaster,0.008184954332248391,45.0,MID,Sheffield Utd
Oliver Norwood,1.71,48.0,MID,Sheffield Utd
Oliver Skipp,0.26,45.0,MID,Spurs
Ollie Harrison,0.008184954332248391,45.0,MID,Chelsea
Omari Forson,0.17,44.0,MID,Man Utd
Omari Kellyman,0.008184954332248391,45.0,MID,Aston Villa
Orel Mangala,3.18,50.0,MID,Nott'm Forest
Oscar Bobb,0.41,44.0,MID,Man City
Owen Hesketh,0.008184954332248391,45.0,MID,Wolves
Pablo Fornals Malla,0.21,46.0,MID,West Ham
Pablo Sarabia,3.39,47.0,MID,Wolves
Pape Matar Sarr,3.31,44.0,MID,Spurs
Pascal Groß,6.67,64.0,MID,Brighton
Pedro Lomba Neto,4.77,57.0,MID,Wolves
Pelly Ruddock Mpanzu,1.0,47.0,MID,Luton
Phil Foden,5.68,80.0,MID,Man City
Philip Billing,1.25,52.0,MID,Bournemouth
Philippe Coutinho Correia,0.08,58.0,MID,Aston Villa
Pierre-Emile Højbjerg,0.94,52.0,MID,Spurs
Raheem Sterling,3.75,69.0,MID,Chelsea
Reiss Nelson,0.79,48.0,MID,Arsenal
Remo Freuler,0.008184954332248391,49.0,MID,Nott'm Forest
Richarlison de Andrade,2.35,72.0,MID,Spurs
Riyad Mahrez,0.008184954332248391,75.0,MID,Man City
Rodrigo Bentancur,1.31,54.0,MID,Spurs
Rodrigo Hernandez,8.14,56.0,MID,Man City
Romain Faivre,0.34,50.0,MID,Bournemouth
Roméo Lavia,0.01,49.0,MID,Chelsea
Ross Barkley,2.86,50.0,MID,Luton
Ryan Christie,2.59,50.0,MID,Bournemouth
Ryan Fraser,0.008184954332248391,49.0,MID,Newcastle
Ryan Gravenberch,0.53,50.0,MID,Liverpool
Ryan Oné,0.0,44.0,MID,Sheffield Utd
Ryan Trevitt,0.008184954332248391,45.0,MID,Brentford
Ryan Yates,0.98,48.0,MID,Nott'm Forest
Saman Ghoddos,1.34,45.0,MID,Brentford
Samuel Bastien,0.008184954332248391,49.0,MID,Burnley
Sander Berge,2.63,47.0,MID,Burnley
Sandro Tonali,0.07,52.0,MID,Newcastle
Saïd Benrahma,0.07,56.0,MID,West Ham
Saša Lukić,0.59,43.0,MID,Fulham
Scott McTominay,1.77,46.0,MID,Man Utd
Scott Twine,0.008184954332248391,49.0,MID,Burnley
Sean Longstaff,3.23,48.0,MID,Newcastle
Sergi Canós Tenés,0.008184954332248391,50.0,MID,Brentford
Shandon Baptiste,0.19,43.0,MID,Brentford
Shea Charles,0.008184954332248391,45.0,MID,Man City
Simon Adingra,3.83,50.0,MID,Brighton
Siriki Dembélé,0.008184954332248391,45.0,MID,Bournemouth
Sofyan Amrabat,0.29,50.0,MID,Man Utd
Solly March,0.96,61.0,MID,Brighton
Son Heung-min,3.33,96.0,MID,Spurs
Stefan Bajcetic,0.008184954332248391,47.0,MID,Liverpool
Steven Alzate,0.008184954332248391,44.0,MID,Brighton
Sydie Peck,0.02,44.0,MID,Sheffield Utd
Tahith Chong,2.39,47.0,MID,Luton
Tanguy Ndombélé Alvaro,0.008184954332248391,44.0,MID,Spurs
Tawanda Chirewa,0.0,44.0,MID,Wolves
Thiago Alcántara do Nascimento,0.0,47.0,MID,Liverpool
Thomas Partey,0.03,48.0,MID,Arsenal
Tim Iroegbunam,0.54,44.0,MID,Aston Villa
Tom Cairney,2.5,49.0,MID,Fulham
Tom Davies,1.08,50.0,MID,Sheffield Utd
Tommi O'Reilly,0.008184954332248391,45.0,MID,Aston Villa
Tommy Doyle,0.22,44.0,MID,Wolves
Tomáš Souček,2.49,49.0,MID,West Ham
Travis Hernes,0.008184954332248391,45.0,MID,Newcastle
Treymaurice Nyoni,0.008184954332248391,45.0,MID,Liverpool
Ty Barnett,0.008184954332248391,45.0,MID,Wolves
Tyler Adams,0.008184954332248391,49.0,MID,Bournemouth
Tyler Onyango,9.09090909090909e-05,44.0,MID,Everton
Tyrese Francois,0.008184954332248391,44.0,MID,Fulham
Vini de Souza Costa,2.18,50.0,MID,Sheffield Utd
Vitaly Janelt,2.07,53.0,MID,Brentford
Wataru Endo,1.77,54.0,MID,Liverpool
Will Hughes,0.75,49.0,MID,Crystal Palace
Willian Borges da Silva,2.93,53.0,MID,Fulham
Wilson Odobert,2.06,50.0,MID,Burnley
Yago de Santiago Alonso,0.008184954332248391,45.0,MID,Spurs
Yasin Ayari,0.008184954332248391,45.0,MID,Brighton
Yegor Yarmoliuk,0.27,43.0,MID,Brentford
Yegor Yarmolyuk,0.32,,,
Youri Tielemans,5.0,56.0,MID,Aston Villa
Yves Bissouma,1.84,50.0,MID,Spurs
Zack Nelson,0.008184954332248391,45.0,MID,Luton
Ângelo Gabriel Borges Damaceno,0.008184954332248391,50.0,MID,Chelsea
Aaron Connolly,0.0,45.0,FWD,Brighton
Ademola Ola-Adebomi,0.0,45.0,FWD,Crystal Palace
Admiral Muskwe,0.0,45.0,FWD,Luton
Alejo Véliz,0.0,54.0,FWD,Spurs
Aleksandar Mitrović,0.0,74.0,FWD,Fulham
Alexander Isak,0.6,75.0,FWD,Newcastle
Andi Zeqiri,0.0,44.0,FWD,Brighton
Anthony Martial,0.09,64.0,FWD,Man Utd
Antoine Semenyo,1.72,45.0,FWD,Bournemouth
Antwoine Hackford,0.0,44.0,FWD,Sheffield Utd
Aribim Pepple,0.0,45.0,FWD,Luton
Armando Broja,0.46,49.0,FWD,Fulham
Ben Parkinson,0.0,45.0,FWD,Newcastle
Billy Blacker,0.0,45.0,FWD,Sheffield Utd
Bénie Traoré,0.15,51.0,FWD,Sheffield Utd
Callum Marshall,0.0,45.0,FWD,West Ham
Callum Wilson,0.51,78.0,FWD,Newcastle
Cameron Archer,1.14,43.0,FWD,Sheffield Utd
Carlos Vinícius Alves Morais,0.18,45.0,FWD,Fulham
Carlton Morris,3.55,50.0,FWD,Luton
Cauley Woodrow,0.8,43.0,FWD,Luton
Chiedozie Ogbene,5.64,49.0,FWD,Luton
Chris Wood,0.72,48.0,FWD,Nott'm Forest
Christopher Nkunku,0.7,73.0,FWD,Chelsea
Cody Gakpo,5.08,72.0,FWD,Liverpool
Dane Scarlett,0.0,45.0,FWD,Spurs
Daniel Jebbison,0.0,48.0,FWD,Sheffield Utd
Danny Ings,2.14,56.0,FWD,West Ham
Danny Welbeck,6.65,57.0,FWD,Brighton
Darwin Núñez Ribeiro,3.29,76.0,FWD,Liverpool
David Datro Fofana,3.28,50.0,FWD,Burnley
Deivid Washington de Souza Eugênio,0.0,45.0,FWD,Chelsea
Deniz Undav,0.0,55.0,FWD,Brighton
Detlef Esapa Osong,0.0,45.0,FWD,Nott'm Forest
Divin Mubama,0.05,42.0,FWD,West Ham
Divock Origi,0.8,50.0,FWD,Nott'm Forest
Dominic Calvert-Lewin,3.39,58.0,FWD,Everton
Dominic Solanke,9.29,69.0,FWD,Bournemouth
Eddie Nketiah,2.34,51.0,FWD,Arsenal
Elijah Adebayo,1.42,49.0,FWD,Luton
Ellis Simms,0.0,45.0,FWD,Everton
Emmanuel Dennis,0.0,48.0,FWD,Nott'm Forest
Enes Ünal,0.42,50.0,FWD,Bournemouth
Erling Haaland,6.39,144.0,FWD,Man City
Evan Ferguson,0.91,58.0,FWD,Brighton
Folarin Balogun,0.0,44.0,FWD,Arsenal
Franco Umeh-Chibueze,0.0,45.0,FWD,Crystal Palace
Fábio Silva,0.5,52.0,FWD,Wolves
Gabriel Fernando de Jesus,1.61,78.0,FWD,Arsenal
Gianluca Scamacca,0.0,60.0,FWD,West Ham
Halil Dervişoğlu,0.0,45.0,FWD,Brentford
Harry Kane,0.0,125.0,FWD,Spurs
Hwang Ui-jo,0.0,44.0,FWD,Nott'm Forest
Iliman Ndiaye,0.0,55.0,FWD,Sheffield Utd
Ivan Toney,3.44,82.0,FWD,Brentford
Jacob Brown,0.57,49.0,FWD,Luton
Jamie Donley,0.0,45.0,FWD,Spurs
Jay Rodriguez,0.58,53.0,FWD,Burnley
Jay Stansfield,0.0,45.0,FWD,Fulham
Jayden Danns,0.02,45.0,FWD,Liverpool
Jean-Philippe Mateta,4.2,49.0,FWD,Crystal Palace
Jhon Durán,0.1,50.0,FWD,Aston Villa
Joe Gardner,0.0,45.0,FWD,Nott'm Forest
Joe Hugill,0.0,45.0,FWD,Man Utd
Joe Taylor,0.0,45.0,FWD,Luton
John McAtee,0.0,45.0,FWD,Luton
John-Kymani Gordon,0.0,45.0,FWD,Crystal Palace
João Pedro Junqueira de Jesus,1.47,53.0,FWD,Brighton
Julián Álvarez,4.92,67.0,FWD,Man City
Keinan Davis,0.0,49.0,FWD,Aston Villa
Kieffer Moore,0.16,46.0,FWD,Bournemouth
Lewis Koumas,0.0,45.0,FWD,Liverpool
Louie Marsh,0.0,45.0,FWD,Sheffield Utd
Luke Plange,0.0,45.0,FWD,Crystal Palace
Lyle Foster,2.24,47.0,FWD,Burnley
Mark O’Mahony,0.0,45.0,FWD,Brighton
Mason Burstow,0.0,45.0,FWD,Chelsea
Matheus Santos Carneiro Da Cunha,1.47,57.0,FWD,Wolves
Michael Ndiweni,0.0,44.0,FWD,Newcastle
Michael Obafemi,0.0,49.0,FWD,Burnley
Michail Antonio,2.92,57.0,FWD,West Ham
Nathan Fraser,0.01,45.0,FWD,Wolves
Neal Maupay,1.47,49.0,FWD,Brentford
Nicolas Jackson,3.73,68.0,FWD,Chelsea
Norberto Bercique Gomes Betuncal,0.91,57.0,FWD,Everton
Odsonne Edouard,1.3,54.0,FWD,Crystal Palace
Oliver McBurnie,1.0,54.0,FWD,Sheffield Utd
Ollie Watkins,10.51,87.0,FWD,Aston Villa
Pierre-Emerick Aubameyang,0.0,65.0,FWD,Chelsea
Rasmus Højlund,5.17,71.0,FWD,Man Utd
Raúl Jiménez,0.8,51.0,FWD,Fulham
Rhian Brewster,0.8,49.0,FWD,Sheffield Utd
Rodrigo Duarte Ribeiro,0.02,45.0,FWD,Nott'm Forest
Rodrigo Muniz Carvalho,5.26,44.0,FWD,Fulham
Romelu Lukaku Bolingoli,0.0,68.0,FWD,Chelsea
Ronnie Stutter,0.0,45.0,FWD,Chelsea
Sam Surridge,0.0,45.0,FWD,Nott'm Forest
Sasa Kalajdzic,0.14,49.0,FWD,Wolves
Shola Shoretire,0.0,44.0,FWD,Man Utd
Taiwo Awoniyi,3.56,63.0,FWD,Nott'm Forest
Thomas Cannon,0.0,45.0,FWD,Everton
Timo Werner,2.91,64.0,FWD,Spurs
Wesley Moraes Ferreira da Silva,0.0,50.0,FWD,Aston Villa
William Osula,0.9,43.0,FWD,Sheffield Utd
Wout Weghorst,0.0,55.0,FWD,Burnley
Yoane Wissa,1.98,56.0,FWD,Brentford
Youssef Ramalho Chermiti,0.01,48.0,FWD,Everton
Zeki Amdouni,1.18,53.0,FWD,Burnley
